FrameId,Event,Type,OId,HId,D
439,10,MATCH,49.0,213.0,0.22668612100293206
443,11,MATCH,51.0,219.0,0.32426540455470965
811,12,MATCH,101.0,275.0,0.24661799237447313
