FrameId,Event,Type,OId,HId,D
119,18,MATCH,30.0,331.0,0.34830904424824893
172,23,MATCH,4.0,326.0,0.45842516482903883
176,24,SWITCH,4.0,324.0,0.3308546713686491
275,26,MATCH,59.0,350.0,0.4595416901704228
288,25,MATCH,71.0,351.0,0.42542075323621475
527,19,MATCH,47.0,362.0,0.47603159175488985
528,19,MATCH,47.0,362.0,0.3331486294954461
532,19,MATCH,46.0,362.0,0.34992812708831544
